run_id,epoch,base_harm,beta,conformal_score,conformal_method,gamma,alpha,k,nDCG @ k,"H(S,X)",|S|,random_items,Recall @ k,items_exhaustes,Method
0,100,0.3,1.0,Harm,hybrid,0.30401134490966797,0.0023767082590612004,20,0.6069152216210694,0.0023767082590612004,19.999405822935234,0.04476133887898594,0.6433825665080344,0.24703556054901216,Conformal
0,100,0.3,1.0,Harm,hybrid,0.502882719039917,0.002277678748266984,20,0.5270495718457311,0.002247969895028719,19.95682313329372,0.49316696375519903,0.637587695805551,0.5479348191294217,Conformal
0,100,0.3,1.0,Harm,hybrid,0.577459454536438,0.002178649237472767,20,0.45556921798142513,0.0021885521885521885,19.85601109130521,0.622895622895623,0.6243964556811659,0.6364706208897024,Conformal
0,100,0.3,1.0,Harm,hybrid,0.6147478818893433,0.0020796197266785502,20,0.43052292547092447,0.0021885521885521885,19.756783521489403,0.6617151911269559,0.6105650123795748,0.6494311171689688,Conformal
0,100,0.3,1.0,Harm,hybrid,0.6768951416015625,0.001980590215884334,20,0.41046822618496354,0.0020796197266785502,19.458308575955634,0.7395523866112101,0.5781590224028631,0.6543570303496773,Conformal
0,100,0.3,1.0,Harm,hybrid,0.7390424013137817,0.0018815607050901172,20,0.39768198435465746,0.0017726282432164785,18.87621311150723,0.8581897405426817,0.5223793310817946,0.6549578833315858,Conformal
0,100,0.3,1.0,Harm,hybrid,0.7887603044509888,0.0017825311942959003,20,0.38435076183059136,0.0015844721727074668,18.021588433353138,1.0148544266191326,0.454553796094959,0.6549811843929491,Conformal
0,100,0.3,1.0,Harm,hybrid,0.8260486125946045,0.0016835016835016836,20,0.3739504603544974,0.0015151515151515152,17.087938205585264,1.167755991285403,0.38278539813441276,0.6549811843929491,Conformal
0,100,0.3,1.0,Harm,hybrid,0.8384780883789062,0.001584472172707467,20,0.3682107666922207,0.0014458308575955635,16.703307585660525,1.2251931075460487,0.35686760294260816,0.6549811843929491,Conformal
0,100,0.3,1.0,Harm,hybrid,0.850907564163208,0.0014854426619132504,20,0.3633798647715774,0.001336898395721925,16.315904139433552,1.294315706080412,0.32998313774866866,0.6549811843929491,Conformal
0,100,0.3,1.0,Harm,hybrid,0.8757665157318115,0.0013864131511190337,20,0.3536846764740601,0.0011784511784511786,15.398494751435928,1.434739552386611,0.27691783849865764,0.6549811843929491,Conformal
0,100,0.3,1.0,Harm,hybrid,0.8881959915161133,0.0012873836403248168,20,0.34685864741483563,0.0011487423252129134,14.8647256882551,1.5167359873242225,0.25012047426335543,0.6549811843929491,Conformal
0,100,0.3,1.0,Harm,hybrid,0.9006253480911255,0.0011883541295306002,20,0.33785206834613724,0.0010695187165775401,14.318082788671024,1.5999207763913645,0.22557235269885814,0.6549811843929491,Conformal
0,100,0.3,1.0,Harm,hybrid,0.9130548238754272,0.0010893246187363835,20,0.3298856762312021,0.0010299069122598537,13.704495939790057,1.6793424440483264,0.20177545741193048,0.6549811843929491,Conformal
0,100,0.3,1.0,Harm,hybrid,0.925484299659729,0.000990295107942167,20,0.32306217512624447,0.000861556743909685,13.036046741929095,1.7692612398494751,0.17926040426263473,0.6549811843929491,Conformal
0,100,0.3,1.0,Harm,hybrid,0.9379137754440308,0.0008912655971479501,20,0.31257111986090785,0.0008417508417508417,12.336502277678749,1.8577936224995049,0.15888377155760974,0.6549811843929491,Conformal
0,100,0.3,1.0,Harm,hybrid,0.9627727270126343,0.0007922360863537335,20,0.2930238836981415,0.0006734006734006734,10.891463656169538,2.0194097841156666,0.12488195308708305,0.6549811843929491,Conformal
0,100,0.3,1.0,Harm,hybrid,0.9876315593719482,0.0006932065755595169,20,0.273059924243306,0.0005644682115270352,9.264804911863735,2.159635571400277,0.09783841762931973,0.6549811843929491,Conformal
0,100,0.3,1.0,Harm,hybrid,1.00006103515625,0.0005941770647653001,20,0.2620663129027928,0.0005050505050505052,8.449990097048921,2.223608635373341,0.08620140390479918,0.6549811843929491,Conformal
0,100,0.3,1.0,Harm,hybrid,1.0124905109405518,0.0004951475539710835,20,0.2509831956627975,0.0003367003367003367,7.62071697365815,2.273717567835215,0.07709923973837927,0.6549811843929491,Conformal
0,100,0.3,1.0,Harm,hybrid,1.0373494625091553,0.00039611804317686675,20,0.22938085945878597,0.00018815607050901167,6.077441077441078,2.340463458110517,0.06180369762130735,0.6549811843929491,Conformal
0,100,0.3,1.0,Harm,hybrid,1.0994967222213745,0.00029708853238265005,20,0.18599024387258328,5.9417706476530004e-05,3.4943553178847298,2.4074074074074074,0.04013350608069882,0.6549811843929491,Conformal
0,100,0.3,1.0,Harm,hybrid,1.348085880279541,0.00019805902158843337,20,0.15584307587494095,0.0,2.432164785105962,2.432164785105962,0.030464975208922607,0.6549811843929491,Conformal
0,100,0.3,1.0,Harm,hybrid,1.348085880279541,9.902951079421669e-05,20,0.15584307587494095,0.0,2.432164785105962,2.432164785105962,0.030464975208922607,0.6549811843929491,Conformal
0,100,0.3,1.0,Harm,hybrid,0.0,-1.0,20,0.6082542641837851,0.0023767082590612004,20.0,0.0,0.4666976236225917,0.0,Conformal
0,100,0.3,1.0,Harm,hybrid,1.348085880279541,0.0,20,0.15584307587494095,0.0,2.432164785105962,2.432164785105962,0.030464975208922607,0.6549811843929491,Conformal
1,100,0.3,1.0,Harm,hybrid,0.5864710807800293,0.002137509850275808,20,0.4186183846965368,0.001950354609929078,19.55851063829787,0.6991725768321513,0.5821719627455874,0.6516886908184188,Conformal
1,100,0.3,1.0,Harm,hybrid,0.6360223293304443,0.0020484469398476496,20,0.40488417722316955,0.0018420015760441295,19.17159180457053,0.7773837667454688,0.5487956468018351,0.6528127228038576,Conformal
1,100,0.3,1.0,Harm,hybrid,0.6731857657432556,0.001959384029419491,20,0.3994189457842554,0.0016745468873128448,18.736012608353033,0.8607171000788022,0.5127358435515013,0.6529475191376787,Conformal
1,100,0.3,1.0,Harm,hybrid,0.7103491425514221,0.0018703211189913323,20,0.3906244751483193,0.0015563435776201734,18.11229314420804,0.9647360126083531,0.46227107567937487,0.6530445560809036,Conformal
1,100,0.3,1.0,Harm,hybrid,0.7475125789642334,0.0017812582085631736,20,0.3783045718134288,0.0013987391646966114,17.23463356973995,1.1077620173364855,0.39519022956211897,0.6530732860520094,Conformal
1,100,0.3,1.0,Harm,hybrid,0.7599003911018372,0.001692195298135015,20,0.3732079872408341,0.0014184397163120568,16.89105594956659,1.1625295508274232,0.37097855358119014,0.6530732860520094,Conformal
1,100,0.3,1.0,Harm,hybrid,0.7722882032394409,0.0016031323877068562,20,0.36861803262043563,0.001388888888888889,16.50965327029157,1.2281323877068557,0.344277472811244,0.6530732860520094,Conformal
1,100,0.3,1.0,Harm,hybrid,0.7970637679100037,0.0015140694772786975,20,0.3577669636537556,0.001260835303388495,15.6150512214342,1.3725374310480694,0.2895949953485552,0.6530732860520094,Conformal
1,100,0.3,1.0,Harm,hybrid,0.8094515800476074,0.0014250065668505389,20,0.3536726078390285,0.0012214342001576047,15.11643026004728,1.4470055161544524,0.2645508086176795,0.6530732860520094,Conformal
1,100,0.3,1.0,Harm,hybrid,0.8218393921852112,0.0013359436564223802,20,0.34562891824624525,0.0010835303388494878,14.599487785657999,1.5328999211977936,0.23882776648946805,0.6530732860520094,Conformal
1,100,0.3,1.0,Harm,hybrid,0.8218393921852112,0.0012468807459942216,20,0.34562891824624525,0.0010835303388494878,14.599487785657999,1.5328999211977936,0.23882776648946805,0.6530732860520094,Conformal
1,100,0.3,1.0,Harm,hybrid,0.8342272043228149,0.0011578178355660627,20,0.33760023094321784,0.0010047281323877068,14.018715524034674,1.613672182821119,0.2142263219673579,0.6530732860520094,Conformal
1,100,0.3,1.0,Harm,hybrid,0.8466150164604187,0.001068754925137904,20,0.3293070117562332,0.0009653270291568165,13.40977147360126,1.7072498029944838,0.19252213141520594,0.6530732860520094,Conformal
1,100,0.3,1.0,Harm,hybrid,0.8466150164604187,0.0009796920147097455,20,0.3293070117562332,0.0009653270291568165,13.40977147360126,1.7072498029944838,0.19252213141520594,0.6530732860520094,Conformal
1,100,0.3,1.0,Harm,hybrid,0.8590028285980225,0.0008906291042815868,20,0.32316106030750236,0.0008077226162332546,12.740346729708431,1.7976753349093775,0.17101190816594392,0.6530732860520094,Conformal
1,100,0.3,1.0,Harm,hybrid,0.88377845287323,0.0008015661938534281,20,0.3048614277532471,0.0006107171000788022,11.302994483845549,1.968676122931442,0.13603082494786947,0.6530732860520094,Conformal
1,100,0.3,1.0,Harm,hybrid,0.896166205406189,0.0007125032834252694,20,0.29412835585345704,0.0005811662726556344,10.538613081166273,2.046493301812451,0.11982639325166806,0.6530732860520094,Conformal
1,100,0.3,1.0,Harm,hybrid,0.9209418296813965,0.0006234403729971108,20,0.2737087951241181,0.0004137115839243499,8.940110323089046,2.1790780141843973,0.094621846158878,0.6530732860520094,Conformal
1,100,0.3,1.0,Harm,hybrid,0.9209418296813965,0.000534377462568952,20,0.2737087951241181,0.0004137115839243499,8.940110323089046,2.1790780141843973,0.094621846158878,0.6530732860520094,Conformal
1,100,0.3,1.0,Harm,hybrid,0.945717453956604,0.0004453145521407934,20,0.24976337710741534,0.00026595744680851064,7.281323877068558,2.2832939322301025,0.07401233664236485,0.6530732860520094,Conformal
1,100,0.3,1.0,Harm,hybrid,0.9828808307647705,0.0003562516417126347,20,0.21569696266866595,0.0001674546887312845,5.12214342001576,2.3743104806934596,0.053291234733703945,0.6530732860520094,Conformal
1,100,0.3,1.0,Harm,hybrid,1.0943710803985596,0.000267188731284476,20,0.1653002719195851,0.0,2.6518912529550827,2.430260047281324,0.032365876372067406,0.6530732860520094,Conformal
1,100,0.3,1.0,Harm,hybrid,1.2678003311157227,0.00017812582085631736,20,0.15823375364240586,0.0,2.438140267927502,2.437746256895193,0.029881427477815324,0.6530732860520094,Conformal
1,100,0.3,1.0,Harm,hybrid,1.2678003311157227,8.906291042815868e-05,20,0.15823375364240586,0.0,2.438140267927502,2.437746256895193,0.029881427477815324,0.6530732860520094,Conformal
1,100,0.3,1.0,Harm,hybrid,0.0,-1.0,20,0.6074514650064271,0.002137509850275808,20.0,0.0,0.4666458265125779,0.0,Conformal
1,100,0.3,1.0,Harm,hybrid,1.2678003311157227,0.0,20,0.15823375364240586,0.0,2.438140267927502,2.437746256895193,0.029881427477815324,0.6530732860520094,Conformal
2,100,0.3,1.0,Harm,hybrid,0.4611547887325287,0.002368265245707519,20,0.5398666185354514,0.002318926386421946,19.968423130057232,0.42115650286165385,0.6312217202301833,0.5085545884968476,Conformal
2,100,0.3,1.0,Harm,hybrid,0.5394405126571655,0.0022695875271363723,20,0.46099074371590976,0.002230116439707914,19.889678310637457,0.56798894809552,0.6185845500807136,0.626525780005434,Conformal
2,100,0.3,1.0,Harm,hybrid,0.6046786308288574,0.0021709098085652256,20,0.423853193420561,0.002121570949279653,19.71422932701796,0.6402210380895994,0.596879926766536,0.6502458834367513,Conformal
2,100,0.3,1.0,Harm,hybrid,0.6177262663841248,0.0020722320899940793,20,0.4198022598396303,0.0021018354055654235,19.657588316558122,0.6538385632524176,0.5897957826766664,0.651273652822699,Conformal
2,100,0.3,1.0,Harm,hybrid,0.6829643845558167,0.0019735543714229325,20,0.4038752233325094,0.0019834221432800474,19.169133609630947,0.7619893428063943,0.5437564720634281,0.6524411413499979,Conformal
2,100,0.3,1.0,Harm,hybrid,0.7221072912216187,0.0018748766528517858,20,0.39602597660109623,0.0019538188277087036,18.683639234260905,0.8541543319518453,0.5037967645468696,0.6525959205470229,Conformal
2,100,0.3,1.0,Harm,hybrid,0.7612501382827759,0.0017761989342806393,20,0.38688656314827463,0.0017663311624235246,17.976119992105783,0.9715808170515098,0.4490173151202357,0.6526465364120781,Conformal
2,100,0.3,1.0,Harm,hybrid,0.7742977738380432,0.0016775212157094928,20,0.3813616554271657,0.0017761989342806395,17.674363528715215,1.0234852970199328,0.42563425319056364,0.6526465364120781,Conformal
2,100,0.3,1.0,Harm,hybrid,0.8134406805038452,0.001578843497138346,20,0.36900865627105583,0.0016183145845668047,16.599368462601145,1.1975527925794356,0.34778618994284644,0.6526544306295639,Conformal
2,100,0.3,1.0,Harm,hybrid,0.8264883160591125,0.0014801657785671993,20,0.3641610613282326,0.0015689757252812316,16.177619893428062,1.2646536412078153,0.3191325999628492,0.6526544306295639,Conformal
2,100,0.3,1.0,Harm,hybrid,0.8395358920097351,0.0013814880599960528,20,0.356449462160577,0.0014604302348529702,15.716202881389382,1.3378725083876062,0.2918893241109063,0.6526544306295639,Conformal
2,100,0.3,1.0,Harm,hybrid,0.8525835275650024,0.0012828103414249063,20,0.35085810806294887,0.0013617525162818236,15.177817248865207,1.4140517071245313,0.2643244387302644,0.6526544306295639,Conformal
2,100,0.3,1.0,Harm,hybrid,0.8656311631202698,0.0011841326228537595,20,0.3418336308841956,0.0012729425695677916,14.590882178804026,1.4999013222814288,0.23652344721491836,0.6526544306295639,Conformal
2,100,0.3,1.0,Harm,hybrid,0.8786787986755371,0.0010854549042826128,20,0.3349628718080224,0.0011249259917110717,13.984408920465759,1.5938425103611604,0.21117953465271844,0.6526544306295639,Conformal
2,100,0.3,1.0,Harm,hybrid,0.8917264342308044,0.0009867771857114663,20,0.32890089809768985,0.0009670416419972371,13.333530688770475,1.6913360963094533,0.18783735304623972,0.6526544306295639,Conformal
2,100,0.3,1.0,Harm,hybrid,0.904774010181427,0.0008880994671403196,20,0.3194579349223324,0.0008190250641405171,12.612985987763963,1.796131833432011,0.16629710652441507,0.6526544306295639,Conformal
2,100,0.3,1.0,Harm,hybrid,0.9178216457366943,0.000789421748569173,20,0.30866027930671547,0.0007499506611407144,11.862048549437537,1.8926386421945924,0.14707942724014209,0.6526544306295639,Conformal
2,100,0.3,1.0,Harm,hybrid,0.943916916847229,0.0006907440299980264,20,0.28819632244386767,0.0005032563647128478,10.267219261890665,2.073613578054075,0.11309099087473362,0.6526544306295639,Conformal
2,100,0.3,1.0,Harm,hybrid,0.9569645524024963,0.0005920663114268798,20,0.2754948740655503,0.0005229919084270773,9.404973357015987,2.1533451746595618,0.0995453366714917,0.6526544306295639,Conformal
2,100,0.3,1.0,Harm,hybrid,0.9700121879577637,0.0004933885928557331,20,0.2649322978642796,0.00045391750542727455,8.566804815472667,2.2184724689165187,0.08791217565837352,0.6526544306295639,Conformal
2,100,0.3,1.0,Harm,hybrid,1.009155035018921,0.0003947108742845865,20,0.22961034015490814,0.00019735543714229328,6.047562660351293,2.3497138346161437,0.06118010583524096,0.6526544306295639,Conformal
2,100,0.3,1.0,Harm,hybrid,1.0482978820800781,0.0002960331557134399,20,0.20151163645116282,0.00010854549042826131,4.197750148016578,2.4041839352674166,0.04601884083381553,0.6526544306295639,Conformal
2,100,0.3,1.0,Harm,hybrid,1.3222980499267578,0.00019735543714229325,20,0.1595190267084021,0.0,2.442076179198737,2.4416814683244525,0.029759043303155912,0.6526544306295639,Conformal
2,100,0.3,1.0,Harm,hybrid,1.3222980499267578,9.867771857114663e-05,20,0.1595190267084021,0.0,2.442076179198737,2.4416814683244525,0.029759043303155912,0.6526544306295639,Conformal
2,100,0.3,1.0,Harm,hybrid,0.0,-1.0,20,0.6029284917010298,0.002368265245707519,20.0,0.0,0.4601175364664578,0.0,Conformal
2,100,0.3,1.0,Harm,hybrid,1.3222980499267578,0.0,20,0.1595190267084021,0.0,2.442076179198737,2.4416814683244525,0.029759043303155912,0.6526544306295639,Conformal
3,100,0.3,1.0,Harm,hybrid,0.05018720030784607,0.0023917770310338013,20,0.6070632442393508,0.0023917770310338013,20.0,0.0,0.6440260289519603,0.23969569211591477,Conformal
3,100,0.3,1.0,Harm,hybrid,0.05018720030784607,0.002292119654740726,20,0.6070632442393508,0.0023917770310338013,20.0,0.0,0.6440260289519603,0.23969569211591477,Conformal
3,100,0.3,1.0,Harm,hybrid,0.39817938208580017,0.0021924622784476513,20,0.5842417740355005,0.0023423601502273175,19.98675627594386,0.2915595967582526,0.6431325026708403,0.38855776974316497,Conformal
3,100,0.3,1.0,Harm,hybrid,0.5348905920982361,0.002092804902154576,20,0.46278285743003816,0.002223759636291757,19.886934176714767,0.6088159715358766,0.6252072633629168,0.6416525040580874,Conformal
3,100,0.3,1.0,Harm,hybrid,0.6094603538513184,0.001993147525861501,20,0.42104147481735704,0.00206562561771101,19.68017394742044,0.6997430322198063,0.5969325568197578,0.6635033757766777,Conformal
3,100,0.3,1.0,Harm,hybrid,0.6591734886169434,0.001893490149568426,20,0.40433522991952325,0.0020260921130658234,19.360347894840878,0.7726823482901759,0.5658767309066075,0.6650516855213203,Conformal
3,100,0.3,1.0,Harm,hybrid,0.7088866233825684,0.0017938327732753508,20,0.39549432034162346,0.0018778414706463729,18.82308756671279,0.8774461355999209,0.5195937936261177,0.6652324070877401,Conformal
3,100,0.3,1.0,Harm,hybrid,0.7337433099746704,0.0016941753969822758,20,0.3915583402677571,0.0017592409567108126,18.42241549713382,0.9472227712986756,0.48678198837038156,0.6652775270385305,Conformal
3,100,0.3,1.0,Harm,hybrid,0.7585998773574829,0.0015945180206892009,20,0.3826597359685078,0.001749357580549516,17.939513737892863,1.0223364301245306,0.4482453343936833,0.6653262926044108,Conformal
3,100,0.3,1.0,Harm,hybrid,0.7834564447402954,0.0014948606443961259,20,0.3768754916332894,0.0016801739474204388,17.349080846017,1.116623838703301,0.401757534592474,0.6653488831784937,Conformal
3,100,0.3,1.0,Harm,hybrid,0.8083130121231079,0.0013952032681030509,20,0.3679182012987583,0.001571456809646175,16.64281478553074,1.2328523423601503,0.349714904533976,0.6653488831784937,Conformal
3,100,0.3,1.0,Harm,hybrid,0.8331695795059204,0.0012955458918099756,20,0.3576263361579607,0.0014330895433880214,15.787902747578572,1.3777426368847598,0.29527365116466353,0.6653488831784937,Conformal
3,100,0.3,1.0,Harm,hybrid,0.8580261468887329,0.0011958885155169006,20,0.34398968623960857,0.0011860051393556038,14.747973907886934,1.5354813204190552,0.24301574007613944,0.6653488831784937,Conformal
3,100,0.3,1.0,Harm,hybrid,0.8704544305801392,0.0010962311392238256,20,0.33759138541393696,0.0011069381300652305,14.166633722079462,1.6185016801739474,0.21791485689956638,0.6653488831784937,Conformal
3,100,0.3,1.0,Harm,hybrid,0.8828827142715454,0.0009965737629307504,20,0.32831882290873715,0.0010081043684522634,13.54832970942874,1.7106147459972327,0.1949360642975829,0.6653488831784937,Conformal
3,100,0.3,1.0,Harm,hybrid,0.9077394008636475,0.0008969163866376754,20,0.31120984639616256,0.000790670092903736,12.211108914805298,1.8825854912037951,0.15530778926083527,0.6653488831784937,Conformal
3,100,0.3,1.0,Harm,hybrid,0.9201676845550537,0.0007972590103446004,20,0.30287086085966414,0.0006918363312907689,11.470844040324176,1.9648151808657837,0.13787112819492808,0.6653488831784937,Conformal
3,100,0.3,1.0,Harm,hybrid,0.93259596824646,0.0006976016340515254,20,0.2911919978557287,0.0006523028266455822,10.720102787112078,2.0438821901561575,0.12204106783839927,0.6653488831784937,Conformal
3,100,0.3,1.0,Harm,hybrid,0.9450242519378662,0.0005979442577584503,20,0.2808972900867435,0.0005337023127100218,9.927456018976082,2.1180075113658825,0.10804715992502434,0.6653488831784937,Conformal
3,100,0.3,1.0,Harm,hybrid,0.9698808193206787,0.0004982868814653752,20,0.25956913843670326,0.0003360347894840878,8.278908875271792,2.2540027673453253,0.08490839822381502,0.6653488831784937,Conformal
3,100,0.3,1.0,Harm,hybrid,0.982309103012085,0.0003986295051723002,20,0.24933231060850644,0.0002569677801937142,7.458983988930619,2.3038149831982606,0.07560161639748521,0.6653488831784937,Conformal
3,100,0.3,1.0,Harm,hybrid,1.0444505214691162,0.00029897212887922516,20,0.20173142672921932,8.895038545167028e-05,4.172168412729788,2.418857481715754,0.046839443226227774,0.6653488831784937,Conformal
3,100,0.3,1.0,Harm,hybrid,1.280588150024414,0.0001993147525861501,20,0.15875794841388227,0.0,2.4568096461751336,2.454635303419648,0.03103360784132477,0.6653488831784937,Conformal
3,100,0.3,1.0,Harm,hybrid,1.280588150024414,9.965737629307505e-05,20,0.15875794841388227,0.0,2.4568096461751336,2.454635303419648,0.03103360784132477,0.6653488831784937,Conformal
3,100,0.3,1.0,Harm,hybrid,0.0,-1.0,20,0.6070632442393508,0.0023917770310338013,20.0,0.0,0.46741009694958824,0.0,Conformal
3,100,0.3,1.0,Harm,hybrid,1.280588150024414,0.0,20,0.15875794841388227,0.0,2.4568096461751336,2.454635303419648,0.03103360784132477,0.6653488831784937,Conformal
4,100,0.3,1.0,Harm,hybrid,0.12783026695251465,0.002362126902549911,20,0.6082912628920412,0.002362126902549911,20.0,0.0,0.6441250703161089,0.24955742591072375,Conformal
4,100,0.3,1.0,Harm,hybrid,0.5154179334640503,0.0022637049482769982,20,0.575693263906213,0.0023028266455821307,19.98636094089741,0.3389998023324768,0.6419969489096362,0.43331884818554894,Conformal
4,100,0.3,1.0,Harm,hybrid,0.6187746524810791,0.0021652829940040853,20,0.4817107775080935,0.002233643012453054,19.91440996244317,0.6145483297094287,0.6300406888800532,0.6228397507438013,Conformal
4,100,0.3,1.0,Harm,hybrid,0.6704530119895935,0.0020668610397311725,20,0.43911141788684155,0.002263293140936944,19.817355208539237,0.6855109705475391,0.6132771734316845,0.652828480795146,Conformal
4,100,0.3,1.0,Harm,hybrid,0.7221313714981079,0.001968439085458259,20,0.4175788256216524,0.0021150424985174935,19.612373986953944,0.7442182249456414,0.5907648807912996,0.6590633911086641,Conformal
4,100,0.3,1.0,Harm,hybrid,0.7867292761802673,0.0018700171311853463,20,0.40201065987949647,0.0019865586084206366,19.09468274362522,0.8572840482308757,0.5437144441774483,0.6604426738840655,Conformal
4,100,0.3,1.0,Harm,hybrid,0.8254880905151367,0.0017715951769124334,20,0.39581553751236004,0.0019865586084206366,18.568096461751335,0.9468274362522238,0.5007507480156614,0.6605060288594584,Conformal
4,100,0.3,1.0,Harm,hybrid,0.8642468452453613,0.0016731732226395203,20,0.3861467630350525,0.001808657837517296,17.829610594979243,1.0757066613955326,0.44088447841012773,0.6605744522328827,Conformal
4,100,0.3,1.0,Harm,hybrid,0.8771664500236511,0.0015747512683666075,20,0.3821929919437767,0.0017691243328721094,17.52935362719905,1.1304605653291164,0.4175366089768939,0.6606048626210713,Conformal
4,100,0.3,1.0,Harm,hybrid,0.9030055999755859,0.0014763293140936946,20,0.3742971223306441,0.0016011069381300655,16.802727811820517,1.2458983988930619,0.36548546722546926,0.6606048626210713,Conformal
4,100,0.3,1.0,Harm,hybrid,0.9159252047538757,0.0013779073598207815,20,0.3677979227393476,0.0014528562957106148,16.39316070369638,1.3168610397311722,0.33617709176146704,0.6606048626210713,Conformal
4,100,0.3,1.0,Harm,hybrid,0.9417643547058105,0.0012794854055478686,20,0.3562922822398351,0.0012354220201620874,15.419845819331885,1.4591816564538447,0.27962313154337515,0.6606048626210713,Conformal
4,100,0.3,1.0,Harm,hybrid,0.9546839594841003,0.0011810634512749555,20,0.3507462801702173,0.0012255386440007906,14.884364498912829,1.539237003360348,0.2525705783013821,0.6606048626210713,Conformal
4,100,0.3,1.0,Harm,hybrid,0.9676035642623901,0.0010826414970020427,20,0.3428464392300212,0.0011069381300652303,14.300849970349871,1.634710417078474,0.2254589907527045,0.6606048626210713,Conformal
4,100,0.3,1.0,Harm,hybrid,0.993442714214325,0.0009842195427291296,20,0.32596448994644667,0.0009092706068392963,13.00731369835936,1.8104368452263293,0.17840682678960199,0.6606048626210713,Conformal
4,100,0.3,1.0,Harm,hybrid,1.0063623189926147,0.0008857975884562167,20,0.31716340725227044,0.0008499703498715162,12.30341964815181,1.8934572049812215,0.158172364821322,0.6606048626210713,Conformal
4,100,0.3,1.0,Harm,hybrid,1.0192818641662598,0.0007873756341833037,20,0.3052149656091312,0.0007313698359359557,11.535678987942282,1.9828029254793438,0.1401296598672287,0.6606048626210713,Conformal
4,100,0.3,1.0,Harm,hybrid,1.0192818641662598,0.0006889536799103908,20,0.3052149656091312,0.0007313698359359557,11.535678987942282,1.9828029254793438,0.1401296598672287,0.6606048626210713,Conformal
4,100,0.3,1.0,Harm,hybrid,1.0580406188964844,0.0005905317256374778,20,0.2728080086435526,0.0005435856888713185,9.053765566317454,2.2077485669104564,0.09547987934245268,0.6606048626210713,Conformal
4,100,0.3,1.0,Harm,hybrid,1.083879828453064,0.0004921097713645648,20,0.2510550478738302,0.00042498517493575806,7.304210318244713,2.3067799960466497,0.0744846684581192,0.6606048626210713,Conformal
4,100,0.3,1.0,Harm,hybrid,1.1097190380096436,0.00039368781709165187,20,0.22747898522084528,0.00024708440403241745,5.74382288989919,2.374184621466693,0.05978889478960927,0.6606048626210713,Conformal
4,100,0.3,1.0,Harm,hybrid,1.1743170022964478,0.0002952658628187389,20,0.18749081424240466,8.895038545167029e-05,3.3506621862028068,2.4364498912828623,0.039985103708982374,0.6606048626210713,Conformal
4,100,0.3,1.0,Harm,hybrid,1.4068695306777954,0.00019684390854582593,20,0.1597809992988985,0.0,2.457995651314489,2.4566119786519076,0.031216304148184743,0.6606048626210713,Conformal
4,100,0.3,1.0,Harm,hybrid,1.4068695306777954,9.842195427291297e-05,20,0.1597809992988985,0.0,2.457995651314489,2.4566119786519076,0.031216304148184743,0.6606048626210713,Conformal
4,100,0.3,1.0,Harm,hybrid,0.0,-1.0,20,0.6082912628920412,0.002362126902549911,20.0,0.0,0.46781552297473716,0.0,Conformal
4,100,0.3,1.0,Harm,hybrid,1.4068695306777954,0.0,20,0.1597809992988985,0.0,2.457995651314489,2.4566119786519076,0.031216304148184743,0.6606048626210713,Conformal
5,100,0.3,1.0,Harm,hybrid,0.08004054427146912,0.002336633663366337,20,0.605253541133466,0.002336633663366337,20.0,0.0007920792079207921,0.6430876869718407,0.24820292563105886,Conformal
5,100,0.3,1.0,Harm,hybrid,0.08004054427146912,0.00223927392739274,20,0.605253541133466,0.002336633663366337,20.0,0.0007920792079207921,0.6430876869718407,0.24820292563105886,Conformal
5,100,0.3,1.0,Harm,hybrid,0.4266299605369568,0.0021419141914191422,20,0.547818772514268,0.002237623762376238,19.973069306930693,0.45683168316831685,0.6385174811139468,0.4975776422548097,Conformal
5,100,0.3,1.0,Harm,hybrid,0.5102894306182861,0.0020445544554455446,20,0.46366160086765323,0.0021881188118811883,19.89920792079208,0.6398019801980198,0.6254697415434395,0.6289962953935181,Conformal
5,100,0.3,1.0,Harm,hybrid,0.617851734161377,0.0019471947194719475,20,0.41095786841917226,0.00205940594059406,19.51089108910891,0.7693069306930693,0.5793911144882392,0.6546407499598286,Conformal
5,100,0.3,1.0,Harm,hybrid,0.6776084899902344,0.00184983498349835,20,0.3975657553414183,0.00201980198019802,18.960594059405942,0.897029702970297,0.5280016830826075,0.655442667606419,Conformal
5,100,0.3,1.0,Harm,hybrid,0.7015112638473511,0.0017524752475247527,20,0.3921303170655984,0.001811881188118812,18.6209900990099,0.9633663366336633,0.5008490637491265,0.6555094826370682,Conformal
5,100,0.3,1.0,Harm,hybrid,0.7254139184951782,0.0016551155115511554,20,0.38647006002140144,0.0016435643564356437,18.195841584158416,1.0364356435643565,0.46581739445505804,0.6555744103822148,Conformal
5,100,0.3,1.0,Harm,hybrid,0.7612680196762085,0.001557755775577558,20,0.3772955927779945,0.001415841584158416,17.37861386138614,1.1689108910891088,0.40294406111332054,0.6556215621562156,Conformal
5,100,0.3,1.0,Harm,hybrid,0.7971221208572388,0.0014603960396039606,20,0.36378622938225247,0.001316831683168317,16.333267326732674,1.3401980198019803,0.3280129712261874,0.6556215621562156,Conformal
5,100,0.3,1.0,Harm,hybrid,0.8090734481811523,0.0013630363036303632,20,0.35950193204550357,0.0012475247524752478,15.90851485148515,1.405148514851485,0.30215959789596486,0.6556215621562156,Conformal
5,100,0.3,1.0,Harm,hybrid,0.8210247755050659,0.0012656765676567659,20,0.3530970971765902,0.0012079207920792081,15.438415841584158,1.477029702970297,0.27630470150321945,0.6556215621562156,Conformal
5,100,0.3,1.0,Harm,hybrid,0.8329761028289795,0.0011683168316831685,20,0.3467352107373785,0.0010594059405940593,14.925544554455445,1.5568316831683169,0.2509756313152154,0.6556435643564357,Conformal
5,100,0.3,1.0,Harm,hybrid,0.8568788766860962,0.0010709570957095711,20,0.33099225967767737,0.0009801980198019802,13.798019801980198,1.7132673267326732,0.20475311092416354,0.6556435643564357,Conformal
5,100,0.3,1.0,Harm,hybrid,0.8688302040100098,0.0009735973597359737,20,0.32166538232454595,0.000910891089108911,13.172871287128713,1.7988118811881189,0.18367057665178624,0.6556435643564357,Conformal
5,100,0.3,1.0,Harm,hybrid,0.8807816505432129,0.0008762376237623764,20,0.3144276284486804,0.0008514851485148516,12.511683168316832,1.884158415841584,0.1636823452511617,0.6556435643564357,Conformal
5,100,0.3,1.0,Harm,hybrid,0.8927329778671265,0.000778877887788779,20,0.30422160351800476,0.000712871287128713,11.798811881188119,1.9657425742574257,0.14500173843380326,0.6556435643564357,Conformal
5,100,0.3,1.0,Harm,hybrid,0.90468430519104,0.0006815181518151816,20,0.29578697499839307,0.0006534653465346534,11.067524752475247,2.038811881188119,0.1293114122362122,0.6556435643564357,Conformal
5,100,0.3,1.0,Harm,hybrid,0.9285870790481567,0.0005841584158415842,20,0.275594027536605,0.0005445544554455446,9.543762376237623,2.16990099009901,0.10217119375326775,0.6556435643564357,Conformal
5,100,0.3,1.0,Harm,hybrid,0.9524897336959839,0.00048679867986798687,20,0.25361108434112156,0.00036633663366336634,7.9635643564356435,2.283366336633663,0.08137236917224196,0.6556435643564357,Conformal
5,100,0.3,1.0,Harm,hybrid,1.0002951622009277,0.0003894389438943895,20,0.2144509050611978,0.00020792079207920794,5.098217821782178,2.3984158415841583,0.05392552289965158,0.6556435643564357,Conformal
5,100,0.3,1.0,Harm,hybrid,1.0481005907058716,0.0002920792079207921,20,0.18457239098097314,8.91089108910891e-05,3.4273267326732673,2.4378217821782178,0.040375513048021706,0.6556435643564357,Conformal
5,100,0.3,1.0,Harm,hybrid,1.2632250785827637,0.00019471947194719475,20,0.15850863072802393,9.900990099009901e-06,2.4576237623762376,2.457227722772277,0.03112858589383587,0.6556435643564357,Conformal
5,100,0.3,1.0,Harm,hybrid,1.2632250785827637,9.735973597359737e-05,20,0.15850863072802393,9.900990099009901e-06,2.4576237623762376,2.457227722772277,0.03112858589383587,0.6556435643564357,Conformal
5,100,0.3,1.0,Harm,hybrid,0.0,-1.0,20,0.6052058649272078,0.002336633663366337,20.0,0.0,0.46698867707085073,0.0,Conformal
5,100,0.3,1.0,Harm,hybrid,1.2632250785827637,0.0,20,0.15850863072802393,9.900990099009901e-06,2.4576237623762376,2.457227722772277,0.03112858589383587,0.6556435643564357,Conformal
6,100,0.3,1.0,Harm,hybrid,0.04609692096710205,0.0023800118506814142,20,0.605197398664483,0.0023800118506814142,20.0,0.0,0.6450439311294777,0.2328965936402423,Conformal
6,100,0.3,1.0,Harm,hybrid,0.4135642349720001,0.0022808446902363552,20,0.5758018686907953,0.0022812561722299033,19.984594114161563,0.3079202054118112,0.6433399255518952,0.4054580849607809,Conformal
6,100,0.3,1.0,Harm,hybrid,0.4769206643104553,0.0021816775297912963,20,0.5226959964081331,0.0022911317400750547,19.94884455856212,0.4852854039107249,0.6382942447567721,0.5444604017669561,Conformal
6,100,0.3,1.0,Harm,hybrid,0.5656196475028992,0.0020825103693462373,20,0.4424609515088754,0.0021726249259332413,19.82026466521825,0.621370728816907,0.6194116518873192,0.64275640856148,Conformal
6,100,0.3,1.0,Harm,hybrid,0.6416473984718323,0.0019833432089011787,20,0.4112575037707914,0.0019257357298044639,19.49871617618013,0.7161761801303574,0.5831919888364797,0.6520978554824595,Conformal
6,100,0.3,1.0,Harm,hybrid,0.6669899225234985,0.0018841760484561195,20,0.40420294870368373,0.0018566067548884066,19.30871025083942,0.7600237013628284,0.5659043375411716,0.6525632479476544,Conformal
6,100,0.3,1.0,Harm,hybrid,0.7430176734924316,0.0017850088880110608,20,0.39004398603922935,0.001698597669365989,18.361643294489433,0.9423266837843176,0.4843649192116783,0.6528668267015098,Conformal
6,100,0.3,1.0,Harm,hybrid,0.7683602571487427,0.0016858417275660018,20,0.38105262088399006,0.0014615840410823623,17.853841595891765,1.0290341694647442,0.44099243866686477,0.6529182619507031,Conformal
6,100,0.3,1.0,Harm,hybrid,0.7937027812004089,0.0015866745671209428,20,0.3746239635420606,0.0014517084732372113,17.222990321943513,1.1311475409836065,0.39260295666682776,0.6529573527400903,Conformal
6,100,0.3,1.0,Harm,hybrid,0.81904536485672,0.0014875074066758838,20,0.3655916795757155,0.001451708473237211,16.475014813351766,1.243926525775232,0.3389990688722489,0.6529725459213905,Conformal
6,100,0.3,1.0,Harm,hybrid,0.8317166566848755,0.0013883402462308249,20,0.3601350087270545,0.0013134505234050958,16.02093620383172,1.3128579893343868,0.3100208100078923,0.6529725459213905,Conformal
6,100,0.3,1.0,Harm,hybrid,0.844387948513031,0.001289173085785766,20,0.3535156631501025,0.0012739482520244913,15.54374876555402,1.3934426229508197,0.28257510071920944,0.6529725459213905,Conformal
6,100,0.3,1.0,Harm,hybrid,0.8570592403411865,0.0011900059253407071,20,0.34780630339205126,0.001234445980643887,15.036144578313253,1.4718546316413195,0.2557938571305519,0.6529725459213905,Conformal
6,100,0.3,1.0,Harm,hybrid,0.869730532169342,0.0010908387648956481,20,0.3386112299065708,0.0011751925735729804,14.464349200079004,1.5555994469682006,0.23014921044085612,0.6529725459213905,Conformal
6,100,0.3,1.0,Harm,hybrid,0.8824018239974976,0.0009916716044505894,20,0.3331762948999597,0.0010369346237408652,13.847323721113964,1.6519849891368754,0.20726454647996018,0.6529725459213905,Conformal
6,100,0.3,1.0,Harm,hybrid,0.8950731158256531,0.0008925044440055304,20,0.3238099166728389,0.001007307920205412,13.19217855026664,1.7467904404503258,0.18435995391188134,0.6529725459213905,Conformal
6,100,0.3,1.0,Harm,hybrid,0.9204156994819641,0.0007933372835604714,20,0.3042581479663998,0.0007011653170057279,11.73987754295872,1.9172427414576338,0.144814720913546,0.6529725459213905,Conformal
6,100,0.3,1.0,Harm,hybrid,0.9457582235336304,0.0006941701231154124,20,0.28151558052506986,0.0004246494173414971,10.144183290539207,2.081967213114754,0.11296364798303071,0.6529725459213905,Conformal
6,100,0.3,1.0,Harm,hybrid,0.9584295153617859,0.0005950029626703536,20,0.2720659743102016,0.0004345249851866483,9.323721113964053,2.153268812956745,0.09886994877975398,0.6529725459213905,Conformal
6,100,0.3,1.0,Harm,hybrid,0.9711008071899414,0.0004958358022252947,20,0.2612023667234478,0.0003752715781157417,8.490618210547106,2.2101520837448154,0.08733187264425092,0.6529725459213905,Conformal
6,100,0.3,1.0,Harm,hybrid,0.9964433908462524,0.0003966686417802357,20,0.23850415894006965,0.0002962670353545329,6.825597471854632,2.3158206596879323,0.06920740660073212,0.6529725459213905,Conformal
6,100,0.3,1.0,Harm,hybrid,1.0471285581588745,0.0002975014813351768,20,0.19877072294616113,0.00014813351767726648,4.252222002765159,2.40391072486668,0.04687987415171338,0.6529725459213905,Conformal
6,100,0.3,1.0,Harm,hybrid,1.3005542755126953,0.00019833432089011785,20,0.15393298130431352,0.0,2.4459806438870233,2.4453881098163146,0.02991176822553183,0.6529725459213905,Conformal
6,100,0.3,1.0,Harm,hybrid,1.3005542755126953,9.916716044505893e-05,20,0.15393298130431352,0.0,2.4459806438870233,2.4453881098163146,0.02991176822553183,0.6529725459213905,Conformal
6,100,0.3,1.0,Harm,hybrid,0.0,-1.0,20,0.6052159961321857,0.0023800118506814142,20.0,0.0,0.46894280531474325,0.0,Conformal
6,100,0.3,1.0,Harm,hybrid,1.3005542755126953,0.0,20,0.15393298130431352,0.0,2.4459806438870233,2.4453881098163146,0.02991176822553183,0.6529725459213905,Conformal
7,100,0.3,1.0,Harm,hybrid,0.453220009803772,0.002285318559556787,20,0.5500628004199931,0.0021666007123070834,19.974871388998814,0.4258013454689355,0.6370303108607976,0.4953579071125789,Conformal
7,100,0.3,1.0,Harm,hybrid,0.4925207197666168,0.0021900969529085874,20,0.5097830081526232,0.0021666007123070834,19.949347051840128,0.5213692125049466,0.6326635010325994,0.5708906992220975,Conformal
7,100,0.3,1.0,Harm,hybrid,0.5318214893341064,0.002094875346260388,20,0.4699923426872363,0.0020676691729323306,19.90364068064899,0.5882469331222794,0.6241630702043078,0.6214426753359743,Conformal
7,100,0.3,1.0,Harm,hybrid,0.5842224359512329,0.0019996537396121884,20,0.4336427242201025,0.001968737633557578,19.787099327265533,0.645627225959636,0.608143289740584,0.6476484520800398,Conformal
7,100,0.3,1.0,Harm,hybrid,0.6628239154815674,0.001904432132963989,20,0.4078499979904988,0.0018796992481203006,19.36762960031658,0.7467352592006332,0.565463442201919,0.6532804133630484,Conformal
7,100,0.3,1.0,Harm,hybrid,0.7021245956420898,0.0018092105263157895,20,0.3988311450561461,0.0017510882469331226,18.970320538187575,0.8142065690542145,0.531600555179739,0.653676077582884,Conformal
7,100,0.3,1.0,Harm,hybrid,0.7414253354072571,0.0017139889196675902,20,0.38863154294667995,0.0016818361693707953,18.37613771270281,0.9224376731301939,0.48425650206444715,0.653855182213908,Conformal
7,100,0.3,1.0,Harm,hybrid,0.7807260751724243,0.0016187673130193907,20,0.3800723525807486,0.0017313019390581721,17.576968737633557,1.0741986545310644,0.41907743148820936,0.6539077958053027,Conformal
7,100,0.3,1.0,Harm,hybrid,0.8069265484809875,0.0015235457063711912,20,0.37199375675468455,0.0015037593984962405,16.866046695686585,1.1952908587257618,0.36742104820691995,0.6539374752671152,Conformal
7,100,0.3,1.0,Harm,hybrid,0.8200268149375916,0.0014283240997229917,20,0.3670997794753015,0.001474079936683815,16.450534230312623,1.2623664424218441,0.3389610864071978,0.6539374752671152,Conformal
7,100,0.3,1.0,Harm,hybrid,0.8331270813941956,0.0013331024930747922,20,0.36005665845522766,0.0013553620894341117,15.986347447566285,1.334784329244163,0.3081156757828961,0.6539374752671152,Conformal
7,100,0.3,1.0,Harm,hybrid,0.8593275547027588,0.001237880886426593,20,0.3476957126034671,0.001226751088246933,14.959042342698853,1.5013850415512466,0.25157910259747723,0.6539374752671152,Conformal
7,100,0.3,1.0,Harm,hybrid,0.885528028011322,0.0011426592797783935,20,0.3320138676549489,0.001068460625247329,13.717253660466957,1.6757024139295607,0.20150543065208643,0.6539374752671152,Conformal
7,100,0.3,1.0,Harm,hybrid,0.898628294467926,0.001047437673130194,20,0.3244950687331448,0.0009200633161851999,13.041946972694895,1.7726553225168185,0.1781398649537303,0.6539374752671152,Conformal
7,100,0.3,1.0,Harm,hybrid,0.9117285013198853,0.0009522160664819945,20,0.31304849224397474,0.0008211317768104472,12.323308270676693,1.8620894341115948,0.15714404409238591,0.6539374752671152,Conformal
7,100,0.3,1.0,Harm,hybrid,0.9248287677764893,0.0008569944598337951,20,0.3021410140639803,0.0007123070834982192,11.523347843292441,1.9572615749901068,0.1372258721174793,0.6539374752671152,Conformal
7,100,0.3,1.0,Harm,hybrid,0.9379289746284485,0.0007617728531855956,20,0.29201911544551223,0.0006133755441234666,10.707162643450731,2.0518401266323703,0.12132277223746783,0.6539374752671152,Conformal
7,100,0.3,1.0,Harm,hybrid,0.9510292410850525,0.0006665512465373961,20,0.2812940717522434,0.0005540166204986149,9.865057380292837,2.13197467352592,0.105969861368606,0.6539374752671152,Conformal
7,100,0.3,1.0,Harm,hybrid,0.9772297143936157,0.0005713296398891967,20,0.25860760910456354,0.00042540561931143656,8.147210130589633,2.2605856747130986,0.08180228538987074,0.6539374752671152,Conformal
7,100,0.3,1.0,Harm,hybrid,0.9903299808502197,0.00047610803324099724,20,0.24818227734699846,0.0003264740799366838,7.272457459438069,2.313612979817966,0.0719717386317486,0.6539374752671152,Conformal
7,100,0.3,1.0,Harm,hybrid,1.0165305137634277,0.0003808864265927978,20,0.22838616585991192,0.00023743569449940645,5.683221210922042,2.3793035219628016,0.058038073919985805,0.6539374752671152,Conformal
7,100,0.3,1.0,Harm,hybrid,1.0427309274673462,0.00028566481994459836,20,0.208544799415029,0.00018796992481203009,4.4165017807677085,2.4137316976652157,0.047691440089715195,0.6539374752671152,Conformal
7,100,0.3,1.0,Harm,hybrid,1.34403657913208,0.0001904432132963989,20,0.16072836200970095,9.893153937475268e-06,2.453700039572616,2.453700039572616,0.030119456964093707,0.6539374752671152,Conformal
7,100,0.3,1.0,Harm,hybrid,1.34403657913208,9.522160664819945e-05,20,0.16072836200970095,9.893153937475268e-06,2.453700039572616,2.453700039572616,0.030119456964093707,0.6539374752671152,Conformal
7,100,0.3,1.0,Harm,hybrid,0.0,-1.0,20,0.6060256834522082,0.002285318559556787,20.0,0.0,0.46624542644051303,0.0,Conformal
7,100,0.3,1.0,Harm,hybrid,1.34403657913208,0.0,20,0.16072836200970095,9.893153937475268e-06,2.453700039572616,2.453700039572616,0.030119456964093707,0.6539374752671152,Conformal
8,100,0.3,1.0,Harm,hybrid,0.07922777533531189,0.0022408687068114514,20,0.6043776884117609,0.0022408687068114514,20.0,0.0003948667324777887,0.6385920283543824,0.2391173024020805,Conformal
8,100,0.3,1.0,Harm,hybrid,0.4396156668663025,0.002147499177360974,20,0.5480408474751883,0.002152023692003949,19.972754195459032,0.4252714708785785,0.6354325509070022,0.4872989361749753,Conformal
8,100,0.3,1.0,Harm,hybrid,0.563887357711792,0.0020541296479104974,20,0.4371951887287649,0.0020138203356367223,19.80927936821323,0.6529121421520236,0.6081476781792415,0.6458490466648715,Conformal
8,100,0.3,1.0,Harm,hybrid,0.6260231733322144,0.00196076011846002,20,0.4151577228430942,0.0019249753208292202,19.54294175715696,0.7314906219151036,0.5766724960960045,0.6528721021974248,Conformal
8,100,0.3,1.0,Harm,hybrid,0.675731897354126,0.001867390589009543,20,0.4039651452985525,0.0018361303060217178,19.137611056268508,0.8179664363277394,0.5401352965626084,0.6534580679558043,Conformal
8,100,0.3,1.0,Harm,hybrid,0.700586199760437,0.0017740210595590658,20,0.39828511558570895,0.0018163869693978282,18.824481737413624,0.8775913129318855,0.5157152795847367,0.6535511702104615,Conformal
8,100,0.3,1.0,Harm,hybrid,0.725440502166748,0.0016806515301085886,20,0.3930544556954049,0.0017374136229022707,18.42270483711747,0.945903257650543,0.4846477999951115,0.6535963508867482,Conformal
8,100,0.3,1.0,Harm,hybrid,0.7627220153808594,0.0015872820006581116,20,0.3830283479329933,0.0015695952615992102,17.668706811451134,1.0852912142152025,0.42545667393228054,0.6536390559095396,Conformal
8,100,0.3,1.0,Harm,hybrid,0.8000035285949707,0.0014939124712076343,20,0.3713193089585295,0.0014215202369200395,16.652912142152022,1.2548864758144127,0.3524636192971136,0.6536839271291394,Conformal
8,100,0.3,1.0,Harm,hybrid,0.812430739402771,0.0014005429417571571,20,0.3660868727543486,0.0013721618953603158,16.24461994076999,1.319842053307009,0.3259237720086087,0.6537018756169792,Conformal
8,100,0.3,1.0,Harm,hybrid,0.8248579502105713,0.0013071734123066801,20,0.3607175139721698,0.0012142152023692004,15.810266535044423,1.388943731490622,0.29948108293586884,0.6537018756169792,Conformal
8,100,0.3,1.0,Harm,hybrid,0.837285041809082,0.001213803882856203,20,0.35513159497900415,0.001154985192497532,15.318460019743336,1.4546890424481738,0.2716892672403691,0.6537018756169792,Conformal
8,100,0.3,1.0,Harm,hybrid,0.8497122526168823,0.0011204343534057257,20,0.34888700349071244,0.001085883514313919,14.807699901283318,1.5350444225074038,0.2460771645714295,0.6537018756169792,Conformal
8,100,0.3,1.0,Harm,hybrid,0.8745665550231934,0.0010270648239552487,20,0.33371029098510047,0.0009279368213228036,13.618953603158934,1.7093780848963476,0.19922724544226292,0.6537018756169792,Conformal
8,100,0.3,1.0,Harm,hybrid,0.899420976638794,0.0009336952945047715,20,0.316272177916851,0.0008094768015794668,12.28035538005923,1.8892398815399802,0.15784786117895327,0.6537018756169792,Conformal
8,100,0.3,1.0,Harm,hybrid,0.9118480682373047,0.0008403257650542943,20,0.306819227974712,0.0007206317867719645,11.543928923988155,1.9690029615004936,0.14032397013935774,0.6537018756169792,Conformal
8,100,0.3,1.0,Harm,hybrid,0.924275279045105,0.0007469562356038172,20,0.2973257687627271,0.0006614017769002962,10.779861796643633,2.057453109575518,0.12442411002618248,0.6537018756169792,Conformal
8,100,0.3,1.0,Harm,hybrid,0.9367023706436157,0.0006535867061533401,20,0.28728705520438697,0.0005231984205330702,9.992102665350444,2.1204343534057255,0.1092598113273375,0.6537018756169792,Conformal
8,100,0.3,1.0,Harm,hybrid,0.9615567922592163,0.0005602171767028629,20,0.26539962333422584,0.000424481737413623,8.38756169792695,2.242448173741362,0.08524914489529295,0.6537018756169792,Conformal
8,100,0.3,1.0,Harm,hybrid,0.9864110946655273,0.00046684764725238575,20,0.24205463329475752,0.0003257650542941757,6.757551826258638,2.336426456071076,0.06803610982023049,0.6537018756169792,Conformal
8,100,0.3,1.0,Harm,hybrid,0.9864110946655273,0.0003734781178019086,20,0.24205463329475752,0.0003257650542941757,6.757551826258638,2.336426456071076,0.06803610982023049,0.6537018756169792,Conformal
8,100,0.3,1.0,Harm,hybrid,1.0485469102859497,0.0002801085883514314,20,0.19509618461235542,0.00013820335636722606,3.8493583415597237,2.4234945705824282,0.04319118299245837,0.6537018756169792,Conformal
8,100,0.3,1.0,Harm,hybrid,1.309517502784729,0.0001867390589009543,20,0.1596661400835753,0.0,2.4550839091806513,2.4546890424481735,0.030396066632248586,0.6537018756169792,Conformal
8,100,0.3,1.0,Harm,hybrid,1.309517502784729,9.336952945047715e-05,20,0.1596661400835753,0.0,2.4550839091806513,2.4546890424481735,0.030396066632248586,0.6537018756169792,Conformal
8,100,0.3,1.0,Harm,hybrid,0.0,-1.0,20,0.6043643188856783,0.0022408687068114514,20.0,0.0,0.464209007623879,0.0,Conformal
8,100,0.3,1.0,Harm,hybrid,1.309517502784729,0.0,20,0.1596661400835753,0.0,2.4550839091806513,2.4546890424481735,0.030396066632248586,0.6537018756169792,Conformal
9,100,0.3,1.0,Harm,hybrid,0.0,0.002584846093133386,20,0.6114654701873765,0.002584846093133386,20.0,0.0,0.6520679718862835,0.23275049925948899,Conformal
9,100,0.3,1.0,Harm,hybrid,0.0,0.0024771441725861616,20,0.6114654701873765,0.002584846093133386,20.0,0.0,0.6520679718862835,0.23275049925948899,Conformal
9,100,0.3,1.0,Harm,hybrid,0.4032544195652008,0.0023694422520389373,20,0.5824210386377336,0.00255524861878453,19.98756906077348,0.2993291239147593,0.649231600317116,0.39875075464813575,Conformal
9,100,0.3,1.0,Harm,hybrid,0.46829545497894287,0.002261740331491713,20,0.530793712055863,0.002515785319652723,19.958168902920285,0.48303078137332284,0.6452193260499903,0.5445703643820157,Conformal
9,100,0.3,1.0,Harm,hybrid,0.5333365201950073,0.002154038410944488,20,0.463165159116763,0.002397395422257301,19.884767166535124,0.6057616416732439,0.6320207329233032,0.6373667730848287,Conformal
9,100,0.3,1.0,Harm,hybrid,0.6374021768569946,0.0020463364903972638,20,0.41248636038525704,0.00218034727703236,19.482241515390687,0.734017363851618,0.586181367292062,0.6611991330167376,Conformal
9,100,0.3,1.0,Harm,hybrid,0.6764267683029175,0.0019386345698500394,20,0.4015662308705893,0.002170481452249408,19.165548539857934,0.8011049723756906,0.5567462635053919,0.6617549263958291,Conformal
9,100,0.3,1.0,Harm,hybrid,0.7154513597488403,0.001830932649302815,20,0.39596727654789887,0.001983030781373323,18.680939226519335,0.8964088397790055,0.5158646520070168,0.6618948081492768,Conformal
9,100,0.3,1.0,Harm,hybrid,0.7414678335189819,0.0017232307287555907,20,0.3896116472339053,0.0018547750591949488,18.244869771112864,0.9749408050513023,0.478371193837661,0.661950204491641,Conformal
9,100,0.3,1.0,Harm,hybrid,0.7804924249649048,0.0016155288082083663,20,0.3769546489924972,0.001558800315706393,17.357142857142858,1.1245067087608525,0.40791014086104116,0.6619771112865036,Conformal
9,100,0.3,1.0,Harm,hybrid,0.8065088391304016,0.001507826887661142,20,0.36587296796565366,0.0014798737174427784,16.57971586424625,1.2413180741910024,0.35094166196279625,0.6619771112865036,Conformal
9,100,0.3,1.0,Harm,hybrid,0.8325252532958984,0.0014001249671139174,20,0.35534089194091145,0.001302288871349645,15.67008681925809,1.3792423046566693,0.29434555397785195,0.6619771112865036,Conformal
9,100,0.3,1.0,Harm,hybrid,0.8455334901809692,0.001292423046566693,20,0.348431588448686,0.0011345698500394633,15.15982636148382,1.4601420678768746,0.26632143985771645,0.6619771112865036,Conformal
9,100,0.3,1.0,Harm,hybrid,0.8715498447418213,0.0011847211260194686,20,0.3323323227629907,0.0009569850039463298,13.978689818468824,1.638318863456985,0.21301900483285963,0.6619771112865036,Conformal
9,100,0.3,1.0,Harm,hybrid,0.8845580816268921,0.001077019205472244,20,0.3250245169958891,0.000947119179163378,13.340568271507498,1.7357932123125492,0.1896040866886667,0.6619869771112865,Conformal
9,100,0.3,1.0,Harm,hybrid,0.8975663185119629,0.0009693172849250197,20,0.3158401490987862,0.0008780584056827151,12.636937647987372,1.82991318074191,0.16762150229724196,0.6619968429360694,Conformal
9,100,0.3,1.0,Harm,hybrid,0.9105744957923889,0.0008616153643777953,20,0.3063756343375973,0.0008287292817679558,11.896014206787687,1.9248224151539068,0.14898664804164405,0.6619968429360694,Conformal
9,100,0.3,1.0,Harm,hybrid,0.9365909099578857,0.000753913443830571,20,0.28566921337680623,0.0007103393843725335,10.280386740331492,2.094711917916338,0.11503607646412253,0.6619968429360694,Conformal
9,100,0.3,1.0,Harm,hybrid,0.9626073241233826,0.0006462115232833465,20,0.264132144217963,0.0005228887134964483,8.61286503551697,2.245461720599842,0.08949089994520742,0.6619968429360694,Conformal
9,100,0.3,1.0,Harm,hybrid,0.9756155014038086,0.000538509602736122,20,0.2533157329969518,0.000404498816101026,7.751775848460931,2.2997237569060776,0.07912515046619707,0.6619968429360694,Conformal
9,100,0.3,1.0,Harm,hybrid,1.0016319751739502,0.00043080768218889767,20,0.23220540855804517,0.0002861089187056038,6.114048934490923,2.3806235201262824,0.06263243784249897,0.6619968429360694,Conformal
9,100,0.3,1.0,Harm,hybrid,1.0666730403900146,0.00032310576164167325,20,0.1883573586140991,8.87924230465667e-05,3.477111286503552,2.4615232833464877,0.04086722015989245,0.6619968429360694,Conformal
9,100,0.3,1.0,Harm,hybrid,1.2878124713897705,0.00021540384109444883,20,0.15982100610652009,0.0,2.484017363851618,2.483425414364641,0.03136916880118472,0.6619968429360694,Conformal
9,100,0.3,1.0,Harm,hybrid,1.2878124713897705,0.00010770192054722442,20,0.15982100610652009,0.0,2.484017363851618,2.483425414364641,0.03136916880118472,0.6619968429360694,Conformal
9,100,0.3,1.0,Harm,hybrid,0.0,-1.0,20,0.6114654701873765,0.002584846093133386,20.0,0.0,0.4730131179004901,0.0,Conformal
9,100,0.3,1.0,Harm,hybrid,1.2878124713897705,0.0,20,0.15982100610652009,0.0,2.484017363851618,2.483425414364641,0.03136916880118472,0.6619968429360694,Conformal
